순위,상품명,원가,판매가
1,25년 햅쌀 새청무 상등급 10kg,"29,900","28,900"
2,(타임딜) 칠성사이다 210ml x 30캔,,"18,000"
3,(뚜레쥬르) 2026 업비트 위시 케이크(오프라인 한정),"30,000","21,000"
4,(행사상품)간척지쌀 20KG,"59,900","52,720"
5,토레타 500ml 24페트,"27,900","18,140"
6,정화네농원 상큼한 제주 감귤 10kg 대박특가 상품하자시 100% 처리,"10,500","9,970"
7,사조 올리브유 900mL,"17,900","15,220"
8,(신선집중) 통영 장보고닷컴 굴 생굴 2kg (1kgx2팩) 싱싱 지퍼백 포장 / 당일 채취 세척 발송,,"18,900"
9,(특가) 블루래빗 세계명작팝업북세트 - 10권,"44,000","29,500"
10,(개당 80원대) KF94 2D 새부리형 마스크 100매 소형 중형 대형 AD 덴탈 여름 일회용 컬러마스크 모음전,"20,200","8,990"
11,아스토니쉬 01-10 단하루/ 골라담기 곰팡이 제거제 1+1 외 BEST 아스토니쉬2p 욕실 주방 청소 세정제 클리너,"20,400","16,330"
12,(최대 15%적립)동원 라이트스탠다드 150G 8캔 + DHA 150G 4캔,"37,000","23,800"
13,77g 베베앙 고평량 로얄 플러스 물티슈 70매 20팩 캡형,"24,200","16,950"
14,마시는 뉴프로틴 190ml x 16팩 1박스 단백질 보충 음료,"24,900","16,400"
15,1+1 국산 슬림 플러그 개별 절전 5구 멀티탭 안전 접지 과부하차단 하나 가격에 두개를 살수 있는 기회,"47,000","14,220"
16,케라시스 극손상 클리닉 세럼 70ml 2개 / 어드밴스드 극손상 클리닉,"15,000","9,450"
17,아몬드 브리즈 언스위트 190ml 24팩,,"21,000"
18,(3일특가)휴홈 무표백 순수 대나무 팝업 티슈 3겹 160매 12개,"13,800","6,280"
19,구달 청귤 비타C 잡티케어세럼 알파 더블기획세트(세럼 30ml 2개+크림 40ml 2개+아이크림 15ml 1개),"49,000","26,900"
20,최대 69%off 말랑핏 극세사 빅쿠션/방석 시리즈 외 BEST베개/침구 모음전 2026 겨울 첫 정기세일,"28,900","14,190"
21,경성명과 수제 행사 (롤+녹차맛/ 롤+딸기맛/ 롤+모카맛) 3가지 중 1가지 선택,"13,800","11,870"
22,블랙야크키즈 25신상품한겨울 헤비다운 프로즌야상다운(정상가격329000원),"159,000","106,340"
23,(최대 15%적립) 실크테라피 퍼펙트 페어 프리미엄 에센스 150ml + 추가 60ml 특별증정,"29,900","17,900"
24,정성곳간 강순의 도가니탕 800g 10팩,"48,410","38,730"
25,(신선집중) 본가명인 국내산 배추김치 포기김치 10kg 전재료 100% 국산 해남배추 당일생산 한정수량,"34,400","30,970"
26,(20%+5%) 밀크마일 새해맞이 빡세일 겨울 특가 모음 무료배송/디즈니 스누피 콜라보,"51,300","11,550"
27,1+1 살림백서 오브제 차량용 디퓨저 82ml 자동차 방향제 명품 고급 대용량,"22,400","8,960"
28,(최대15%적립)몽쉘 생크림 408g (카카오/오리지널) 2+2곽,"22,300","15,170"
29,무료반품+최대 65%할인 에잇세컨즈 26년 1월 새해 맞이 마지막 BIG SALE 인기 아우터/가디건/니트,"45,000","12,520"
30,온더바디 살구맛사지 비누 100g 4개입 4세트 총 16개,"24,100","14,900"
31,메디패치 33매 x 3개 / 마데카솔 연고 2개 + 스팟패치 1개 / 야외활동 필수 상처케어,"32,900","8,500"
32,연시행사 1+1 (신선집중) 황금한우 우족1kg+사골1kg+잡뼈1kg 총6키로,"34,900","22,000"
33,신라면 10입 + 너구리 5입 + 짜파게티 5입 (총 20봉),"27,400","15,900"
34,한라산농장 귤 10KG 중대과 L~2L 폭싹쎄일 100박스한정판 고당도,"10,800","10,370"
35,((몽땅균일가 클리어런스)) ((2장이상 구매시 무료배송)) 맨투맨/팬츠/자켓/블라우스/니트/가디건,"21,900","6,250"
36,르까프x머렐 外/무료배송/최대~94%할인/최대30%쿠폰/신년맞이 베스트 의류 외 모음 르까프 공식밴더,"98,900","20,930"
37,(4%쿠폰+무배) 레코브/아날도 외 신년SALE F/W 최대 91%할인 아우터/맨투맨/니트/가디건/팬츠 외,"25,000","12,000"
38,매일 유기농 멸균우유 200ml 48팩/우유/음료,"51,900","41,830"
39,씨투엠/ 수학독해 단계별 세트 선택구매,"30,000","21,000"
40,스파클생수 500ml 100병 (도착보장/무라벨),"20,200","16,370"
41,(최대15%적립)롯데제과 롯데 비스킷 4종 총 5세트,"20,300","13,610"
42,스파클생수 2L 30병 (도착보장 / 무라벨),"16,900","13,700"
43,(무료반품)(25%쿠폰무배) 시즌 신상 스키보드복 균일가 행사 방한복 발열내복 스키바지/보드자켓/패딩바지,"85,000","19,350"
44,(20%+4%쿠폰)1+1+1+1+1 영하 한파 칼바람 발따뜻 양모 기모 불깔창/ 추가할인쿠폰 단하루만 새해맞이 초특가,"17,260","3,950"
45,(2개세트) 가슴 작아보이는 말라 미니마이저 브라 처진가슴 보정 부유방 커버 노와이어,"41,260","11,890"
46,폴햄키즈 신축성좋은 핫스킨 세트 PKF4UI3910,"12,900","8,870"
47,도드람한돈 냉장 칼집 삼겹살/칼집 목심 반반팩 1kg 외 29종 (1/10일 한정수량 플래시딜) 2팩사면 무료배송,"20,900","19,440"
48,김하진 궁중 김하진의 궁중 뼈없는 갈비탕 800g x 10팩,"59,900","40,740"
49,마인트리 루테인지아잔틴 6박스 1/10특가 (최대함량),"42,230","24,800"
50,(치과약국판매) 임상인증 프로벨 메디테라 고불소 잇몸치약 120g 3개/ 無계면활성제,"36,000","31,680"
51,프리미엄 카무트 곡물 효소 골드 HACCP 인증 100만 역가 30포 90g (총 4박스 / 120포),"29,880","26,900"
52,파격조건 고메 함박스테이크 152gX10개,"23,500","18,980"
53,베베숲 프라임 아기물티슈 70매 캡 20팩 70gsm 고평량/ 우리아이를 위한 프리미엄 물티슈,"28,900","23,130"
54,(신선집중) 통영산 통통 생굴 속살 1kgx2 총2kg /단 하루 한정특가 마감임박 /2개 이상 구매시 초장증정,"24,600","18,960"
55,(쌀가게)(신세계본점)주문폭증/순차출고2025년산 쌀가게 수향미 (특등급) 10kg,"48,400","38,340"
56,NEW 하기스 맥스드라이 에어 밴드/팬티 기저귀 2박스 모음전 2025,"85,900","80,330"
57,맥심 모카골드 마일드 210T,"34,900","30,420"
58,(최대 15%적립)리챔 오리지널 200g 10캔,"32,800","23,780"
59,(전국) 도심형 실내 키즈 테마파크 챔피언1250/블랙벨트 39개점 / 키즈카페/챔피언키즈카페,"20,000","19,000"
60,(신선집중) 25년 곱창김 100장 상급 350g 이상,"21,000","15,960"
61,1+1 기모 나이키 소프트브러쉬 스우시 스웻셔츠 2026년 신년 할인 이벤트,"165,000","44,550"
62,(무료반품+20%쿠폰) 5920원~ 다온샵 양말사은품/겨울팬츠/기모/빅사이즈/융바지/슬랙스/레깅스,"41,300","9,430"
63,(최대 15%적립) 아우라 실내건조 섬유유연제 5.7L 스모키머스크,"27,000","16,900"
64,(CGV) G마켓 예매권 (주중/주말 2D)(금요특가_1/9),"15,000","10,100"
65,비타민C 1000 600정 X 1개 (20개월분),"53,700","42,900"
66,(특가) 고고 카카오 프렌즈 낱권 선택구매,"29,600","12,600"
67,(최대 15%적립) 온더바디 코튼풋 발을씻자 풋샴푸 짱구에디션 385ml 초코민트 4개,"24,100","15,900"
68,그레인온 (M)골드카무트효소G 30포 X 3박스,"33,900","25,770"
69,유나네농장 노지감귤 10kg 로얄과(S/M과) 2000박스 2026신년 한정,"23,800","22,850"
70,경북 빨간 사과 부사 가정용 4kg 중대과 12-19과내외,"18,500","16,560"
71,키즈 스텝1 블루베리향/사과향/딸기향 택1 3박스 (3개월분) + 키즈 스텝1 10일분 증정,"234,000","154,440"
72,김하진 궁중 김하진의 궁중 뼈없는 갈비탕 800g x 10팩,"59,900","40,740"
73,햇반 백미 윤기가득쌀밥 210g 36개,"51,000","37,900"
74,콜라겐 링클 아이크림 40ml 1+1+1+1 영양/보습/주름케어,"20,000","9,600"
75,(신선집중) 진주닮은쌀 20kg 25년산 임실농협쌀,,"63,500"
76,(세븐일레븐) 모바일상품권 5만원권,"50,000","45,000"
77,(최대 65% 할인) 냄비 세트/테이블웨어/가마솥 등 주방용품 79종 노마진 초특가,"42,500","24,750"
78,농심 인기라면 4종 혼합세트 (총 20봉),"25,200","14,870"
79,소와나무 트리플 슬라이스 치즈 1.8kg 1개 (100매),"24,570","19,910"
80,10% 흄/카이아크만 FW BEST ITEM - 맨투맨 후드 점퍼 자켓 코트 팬츠 FW 겨울 경량점퍼,"49,600","12,810"
81,올바른 멀티비타민 미네랄 액상 이뮨샷 맥스 비타민 5000%고함량 7개 4박스(총28개입)+추가증정효소/비타민C,"34,430","27,900"
82,무료반품+에잇세컨즈 FW 인기 의류 BEST 50종 마지막 BIG SALE 최대 65%할인 니트/상의/팬츠/스커트/아우터,"40,000","10,990"
83,(10+4%) 4000원~로즈맘 시즌오프 겨울 빅사이즈 티셔츠/패딩/조끼/가디건/홈웨어/기모바지/엄마옷,"33,000","8,520"
84,동서식품맥심 모카골드 마일드 커피믹스 190T,"32,500","29,200"
85,농심 신라면골드 12개,"22,500","14,180"
86,동서 맥심 모카골드 커피믹스 400T,"65,000","61,780"
87,아디다스 퍼포먼스 에어로레디 메쉬 드로즈 1+1 균일가,"48,900","11,910"
88,푸른날개 빵빵 친구들 시리즈,,"39,800"
89,01.10토 1+1특가 선쿠션증정 밀크바오밥 어덜트 키즈 대용량 샴푸 워시 페이셜폼 트리트먼트 헤어바디,"33,100","14,900"
90,삼육두유 검은콩호두와아몬드 190ml x 64팩,"32,900","26,580"
91,메가도스C 3000 고함량 비타민C 100포 X 1개,"32,380","23,900"
92,모윰 올실리콘 마카롱 쪽쪽이(전용케이스 포함) 3개세트 1월10일 원데이 혜택가 25850원,"35,900","28,720"
93,(현대Hmall)제주삼다수 2L x 24펫 (유/무라벨 랜덤발송),,"24,300"
94,(아디다스오리지널스)(신세계 사우스시티)남여공용 클래식 트랙 탑 (KE3526) 아디다스오리지널 네이,"109,000","89,210"
95,1++등급 한우 양지국거리 800G (400g+400g) 외 등심 국거리 5종 택1 (1/12일 정말 오늘만),"47,000","25,500"
96,참치회 참다랑어 1번 통뱃살 1kg (60上A 어체사용),"79,000","75,840"
97,(10%) 9300원~저스트원 여성의류 겨울신상/기모바지/빅사이즈/니트/티셔츠/청바지/슬랙스/치마/융기모,"46,600","12,040"
98,탑텐 FW 클리어런스 티셔츠/스웨터/재킷 외 ~84%,"45,900","12,330"
99,베베쥬 20%쿠폰/새해맞이 겨울 클리어런스/무료배송,"39,600","9,520"
100,(신선집중) 도드람한돈 냉장 칼집 삼겹/등심꽃살 반반팩 1kg 외 30종 (2팩사면 무료배송),"22,000","16,100"
101,마이비데 클린케어 카카오 40매X8팩X2박스(총16팩),"21,100","18,990"
102,(대구신세계)공용) AIRTECH 경량 점퍼/공용) 유아 AIRTECH 경량 점퍼 MKF4JP3321/MKF4JP3221,"19,900","14,190"
103,(리뉴얼)청귤 비타C 잡티케어 패드 알파 70매+70매 리필 기획세트,"38,000","21,900"
104,스팸 클래식 200g 9개,"39,000","26,900"
105,(최대 15%적립) 홈스타 락스와세제 3X 폼스프레이 후로랄 500ML 5개,"24,100","15,900"
106,연양갱 8번들(밤양갱+팥양갱) 4팩(총32개),"17,000","13,090"
107,(신선집중) 석박지 2kg /국밥 설렁탕김치,"10,300","9,890"
108,온작 이영자의 뼈없는 갈비탕 900g 8팩,"65,900","47,980"
109,(1/10 단 하루 신년맞이 특가+사은품 100%증정) 김정문알로에 스킨케어/기초/마스크팩/선케어 BEST모음,"57,740","17,190"
110,2025년 햅쌀 보성다향미 쌀20kg 상등급 백미 새청무쌀 당일도정 쌀유목민정착쌀,"66,400","59,760"
111,남성 긴팔티셔츠 남자 기본 면티 무지 긴팔티 프린트 티 20수 간절기 옷 단체티 쭉티 여성 빅사이즈 의류,"32,650","8,410"
112,햇반 버섯야채죽 268G 8개,"30,000","17,900"
113,rTG 알티지 오메가3 6개월분(180캡슐) 식물성캡슐 비타민D,"31,700","25,690"
114,Fire Silver Fox PRO V6+ 3모드 무선 게이밍 마우스 55g 2.4G/BT 1K 500mah S203센서,"19,500","17,940"
115,사조 마일드참치 12입 (100gx6+85gx6),"21,900","13,900"
116,신라면 10입 + 짜파게티 5입 + 오징어짬뽕 5입 (총 20입),"24,700","16,060"
117,백점 국어/수학/사회/과학 1~6학년 선택구매 - 2권이상무배,"96,000","48,000"
118,세타필 로션 473ml 3개 + 대용량 로션 118g 1개,"49,900","29,900"
119,(~95%OFF+무배)신년맞이 특가대전 미쏘 외 여성브랜드연합 자켓/니트/팬츠/티셔츠/스커트/블라우스/신발,"48,900","11,040"
120,(한정특가) 패드3팩 9.200원부터~) 좋은느낌 BEST생리대 오리지널+유기농+센서티브+라네이처 소중대 3팩,"19,300","13,520"
121,신대장떡볶이4팩 230g 맛별선택 1인분4팩 떡볶이 1인분(230g) 최저가 4팩구성,"11,600","7,100"
122,새콤 달콤 조생 노지감귤 10kg 박스포함중량,"12,900","11,100"
123,은나노스텝 올인원 캡슐 스팀워시 식기세척기세제 60개입 1개+1개 (총2개),"23,900","14,500"
124,케라시스 케라마이드 극손상 울트라 샴푸/트리트먼트 1L 2개,"22,000","13,640"
125,(신선집중) 광천김 25년12월 최신수매 햇 곱창김 특상(대) 100매 370g / 햇김 국내산 무조미 생김,"21,840","19,970"
126,조성아 레몬청 클렌저_허니레몬 매니아구성,"158,000","134,300"
127,맥심 모카골드 커피믹스 400T /쿠폰가,"64,700","54,950"
128,메이플스토리 컬렉션카드 메이플스토리 컬렉션카드 메이플스토리 넥슨코리아 메이플스토리 컬렉션카드 메이,"65,500","58,770"
129,(깜짝특가/한정수량) 보국 에어셀 워셔블 카본 전기요 비오는 거리 싱글 BKB-3A03S,"59,000","39,280"
130,NEW 캐츠랑 고양이사료 점보 업그레이드 20kg,"51,800","41,960"
131,펩시제로 라임 355ml 48캔 /제로음료/펩시/콜라,"42,000","33,900"
132,매일 소화가 잘되는 멸균우유 190ml 48팩,"40,300","31,800"
133,스팸 25% 라이트 200g 9개,"39,000","26,900"
134,베지밀 뼈에좋은 칼슘 두유 검은콩190ml72팩,"31,900","27,860"
135,(클럽단독혜택) 하림펫푸드 건강맞춤 밥이보약 강아지사료 간식모음 하루양갱 덴탈껌,"39,800","27,860"
136,(800ml 증량팩)리큐 찌든때 올인원 1.8L+200ml x 4개 일반/드럼겸용,"25,600","14,850"
137,육개장사발면18개 + 김치사발면6개,"30,700","18,430"
138,(최대 15%적립) 엘라스틴 스칼프클리닉 두피 딥클렌징 샴푸 950ml 2개,"27,000","14,900"
139,거문도해풍쑥영농조합법인 미세분말100g,"13,690","10,960"
140,(10%쿠폰) F/W신상오픈 5850원~역마진SALE 잠옷세트/파자마/홈웨어/루즈핏/잠옷/빅사이즈/수면잠옷/극세사,"21,600","5,590"
141,그림책이 참 좋아 A B C D 세트 선택 대한민국 대표 작가들의 그림책,,"196,630"
142,혜택가 11만원대) 펄화이트 컬러 2구 가스레인지 RTR-643CJ,"135,000","124,200"
143,(15% 쿠폰) 티뷰/샐리 언제나 포근하게 스페셜한 니트/가디건/패딩 외,"129,000","31,360"
144,아이클리어 루테인 지아잔틴 6박스 (6개월분),"80,000","56,000"
145,(30%쿠폰) 신영와코루 비너스 아르보 브라 팬티 BEST 모음전,"56,330","11,160"
146,(15%) 난닝구 11050~ 티셔츠/청바지/니트/가디건/패딩/트레이닝/원피스/기모,"75,000","18,230"
147,(15%쿠폰) BYC 코지웜 겨울 내복 상하 세트 내의/기모 발열 양모 성인 남성 여성 남자 여자 타이즈 군인,"42,600","10,370"
148,10% 깜짝쿠폰) 3+3 나이키 에브리데이 쿠션 크루 삭스 총 6켤레 1+1 행사 중,"53,000","14,310"
149,신년맞이 SALE 기획전 최대 70% + 추가쿠폰 20% + 베스트셀러 아이템 총출동 1+1특가/ 사은품 증정,"33,000","12,540"
150,교과서 쉬워지는 용어 한국사 과학 사회 세트선택,"65,340","58,800"
151,키즈꼬모 겨울 시즌오프 따뜻한 상하복세트 특가로 준비 등원복/상하복/세트복,"33,000","9,900"
152,(최대 ~41% 쿠폰) 키즈 연합 스파오/게스키즈 새해맞이 BEST 맨투맨/데님/셔츠/자켓 외 ~93%특가,"33,000","6,640"
153,펩시제로 라임 210ml 60캔 (30캔 2박스),"36,700","29,900"
154,CJ비비고 왕교자1.05kg X 3개,"32,600","26,410"
155,(G마켓단독)네이처리빙 릴리브 실리콘 이중잠금 지퍼백 3종 4 종 5종 다양한 단독구성 초특가 모음,"35,900","9,050"
156,(현대홈쇼핑)한상궁김치 겉절이 2kg,"11,400","10,490"
157,숨 소프트블랙 3겹 30m 30롤 2팩 100% 천연펄프 무형광 화장지,"19,400","18,400"
158,레쓰비 마일드 캔커피 175ml x 60캔 캔커피 / 업소용 커피 / 커피 / 라떼,"28,000","22,600"
159,(최대15%적립)불스원 레인OK 프리미엄 에탄올워셔 1.8L 6개,"28,900","14,450"
160,시서례 어린이 훈민정음/생각 글쓰기/독해력 비타민 단계별 선택구매,"10,000","7,500"
161,온더바디 수퍼보타닉 바디워시 900g 3개 (레몬/라벤더/로즈),"23,400","13,900"
162,(다산) 옥효진 선생님의 개념 사전 시리즈 전5권 (경제/법과정치/지리문화/과학) 낱권구매 가능,"22,000","16,500"
163,(최대 15%적립)들기름김식탁20P(8매) 에코패키지 2세트 총 40p,"15,000","10,000"
164,주니어김영사/ 흔한남매 과학탐험대 세트 선택구매,"76,000","53,200"
165,(20%쿠폰+최대72%할인) 휠라키즈 빅세일 부츠/ 아동화/ 아우터/ 상하세트 외 겨울 베스트템 모음,"99,000","25,360"
166,포렉스 핸드밀 미니,"67,500","60,750"
167,(신세계타임스퀘어점패션관)FILA2종택1 공용 시그니쳐슈즈 레이유나이트 립스탑 1RM02773G,"59,000","42,580"
168,NEW 캐츠랑 고양이사료 점보 업그레이드 20kg G마켓특가 / 무료배송,"51,500","41,720"
169,(단독파격세일)어깨뿔방지 베이직 니트옷걸이 50P 외 옷장/수납정리 베스트 모음 /1만개 판매돌파,"38,900","9,520"
170,(신선집중) 수향미 골든퀸 수향미 10kg 단일품종 / 2025년 햅쌀 / 상등급,,"41,300"
171,크리넥스 3겹 울트라클린 25M 24롤 2팩 화장지 휴지 두루마리,"33,100","23,490"
172,동원 라이트 스탠다드 참치 150g 원터치 12개,"37,000","26,170"
173,매일두유 99.9 190ml 48팩,"36,890","29,900"
174,(최대 15%적립)동원 라이트 스탠다드 150G 8캔 + 고추참치 150G 4캔,"37,000","23,800"
175,(최대 15%적립) 온더바디 세꼼마 핸드워시 리필 레몬향 1.8L 2개 + 증정) 세꼼마 레몬 공병 250ml 2개,"28,300","18,900"
176,(-30%특가)하이언더바 국산 고급면 양말 모음 10켤레 남자 여자 무지/패션/단목/중목/장목/발목/학생,"28,300","5,620"
177,코카콜라 490ml 24캔,"35,000","22,750"
178,(1+1행사)(NEW)불스원샷 플래티넘 연료첨가제 5in1 500ML 2종택1(휘발유 경유),"33,800","25,350"
179,(15%쿠폰)빅사이즈 겨울신상 피치기모 잠옷/여성/원피스/커플/아동/주니어/가족/수면/극세사,"27,400","6,490"
180,모나리자 미용티슈 300매 6입 2개 총12개 각티슈,"25,500","17,850"
181,이솔홈 고급 쇼파방석 학교 사무실 의자 방석 국내생산 솜포함,"25,900","23,310"
182,(창고대개방 15%할인)네이쳐리빙 주방수납정리선반 양념통 지퍼백 계란보관함 뒤집개 수저통 트라이탄,"18,900","5,400"
183,초등 상위 1%는 이렇게 책을 읽습니다 : 초등 교과서부터 수능 문제까지 관통하는 성적 추월 독서법,,"17,100"
184,(15%+8%중복+3%결제할인)26년 SS신상 휴대 편리한핸들형 과일야채컵 650ml외 접시프라이팬 밀폐용기 수납컵,"22,800","6,550"
185,(당일사용가능) 이천 테르메덴 풀앤스파 하이시즌 입장권(12.01-26.03.01),"23,750","21,850"
186,고당도 감귤 2kg 박스,"14,980","14,240"
187,감귤나라 감귤 10KG 중대과 (L-2L) / 맛없으면 환불보장,"12,900","12,390"
188,(신세계강남점)유아 간절기 긴팔내복 균일가 8종 택1,"14,000","10,840"
189,진보를 위한 주식투자,,"19,800"
190,(한정특가/입오버 42장 400원대) 시크릿데이 입는 생리대 7팩 외 블랙중형 16PX7+1팩더/순한코튼/유기농,"19,200","13,450"
191,갤럭시북4 프로360 NT960QGQ-A51A 최종16만+모델무상업+MS오피스 울트라5 2in1 태블릿PC S펜 노트북,"2,243,870","1,827,290"
192,최대혜택가 169만원대 LG 디오스 오브제컬렉션 매직스페이스 냉장고 T875MEE111 1등급 870L 4도어,"2,351,350","1,827,000"
193,삼성 비스포크 스팀 VR7MD96516G 새틴 그레이지,"1,135,020","878,020"
194,탈각 피스타치오(무염) 1kg,"39,990","38,390"
195,무료배송) 최대 30%+8%+4% 혜택 보니스팍스/나인식스뉴욕 지금 입기 좋은 출근룩 추천 100종,"204,000","40,400"
196,(배달의민족) 5만원 모바일 교환권,,"50,000"
197,25년 햅쌀 아산 맑은쌀 삼광 10kg 특등급,"35,800","33,300"
198,최대15% 적립) 마데카크림 파워부스팅포뮬러 어드밴스드 50ml 3개+15ml 1개_스타배송,"74,740","28,410"
199,화이트 빅 마시멜로우 마쉬멜로우 대용량 1kg 10개,"95,400","91,590"
200,그레인온 골드 카무트효소 3개월분(3g x 90포) +9포 증정 +쇼핑백,"53,200","40,830"
